Visitor,Duration,Profit
1,2,0
2,7,15
3,5,0
4,8,0
5,16,0
6,8,0
7,9,0
8,6,0
9,5,0
10,28,0
11,3,0
12,5,18
13,12,0
14,10,16
15,10,0
16,15,0
17,21,0
18,10,46
19,20,21
20,4,0
21,10,15
22,9,0
23,6,22
24,8,0
25,6,0
26,8,17
27,5,0
28,2,0
29,14,28
30,10,0
31,7,0
32,12,0
33,3,0
34,7,21
35,9,0
36,4,9
37,5,27
38,12,0
39,11,21
40,5,0
41,5,0
42,10,0
43,21,0
44,7,0
45,5,0
46,6,18
47,7,0
48,4,21
49,4,33
50,11,0
51,8,0
52,6,35
53,12,0
54,8,0
55,5,0
56,11,0
57,13,0
58,7,0
59,5,0
60,6,0
61,11,0
62,8,25
63,3,0
64,12,32
65,11,0
66,23,12
67,6,0
68,9,29
69,12,16
70,5,0
71,8,30
72,4,17
73,6,0
74,8,11
75,4,27
76,15,20
77,11,0
78,4,0
79,5,0
80,8,0
81,6,21
82,4,24
83,11,23
84,8,21
85,5,25
86,7,0
87,5,0
88,11,21
89,9,40
90,10,0
91,9,0
92,9,0
93,11,0
94,1,0
95,9,0
96,7,0
97,5,24
98,9,0
99,7,10
100,16,0
101,6,16
102,5,16
103,11,0
104,3,0
105,6,0
106,4,0
107,6,23
108,7,0
109,14,17
110,6,0
111,5,0
112,10,0
113,6,0
114,8,0
115,8,16
116,17,0
117,9,0
118,10,0
119,5,0
120,9,0
121,4,25
122,7,0
123,10,23
124,14,25
125,12,33
126,3,13
127,9,0
128,10,0
129,10,19
130,4,0
131,4,0
132,6,0
133,15,33
134,5,0
135,5,27
136,15,0
137,10,14
138,6,23
139,6,0
140,8,0
141,12,24
142,11,0
143,4,0
144,6,0
145,5,25
146,10,21
147,6,0
148,10,0
149,6,0
150,2,0
151,10,17
152,7,0
153,10,12
154,11,0
155,12,27
156,8,0
157,15,0
158,8,0
159,3,0
160,9,0
161,5,31
162,17,28
163,6,0
164,9,20
165,12,0
166,12,0
167,5,0
168,8,0
169,8,33
170,12,0
171,12,42
172,8,17
173,1,19
174,12,19
175,7,0
176,8,0
177,13,0
178,4,0
179,7,19
180,10,20
181,10,0
182,8,28
183,8,0
184,7,0
185,10,0
186,4,27
187,6,0
188,6,0
189,8,0
190,4,42
191,4,0
192,12,26
193,11,25
194,3,0
195,6,0
196,8,15
197,4,24
198,5,0
199,16,0
200,9,0
201,2,0
202,6,0
203,11,0
204,6,16
205,12,21
206,10,26
207,6,17
208,18,15
209,10,31
210,3,0
211,2,21
212,8,0
213,9,12
214,10,0
215,15,29
216,10,0
217,14,25
218,9,0
219,1,28
220,7,0
221,8,20
222,3,39
223,8,0
224,7,0
225,3,0
226,17,0
227,12,28
228,4,18
229,7,0
230,14,0
231,2,32
232,10,0
233,14,32
234,16,13
235,4,0
236,18,0
237,7,24
238,12,40
239,12,0
240,9,29
241,4,16
242,9,0
243,12,0
244,7,27
245,6,0
246,5,0
247,10,0
248,4,25
249,10,13
250,6,0
251,9,0
252,6,0
253,7,0
254,7,0
255,7,0
256,9,22
257,13,0
258,5,0
259,9,0
260,4,0
261,5,18
262,7,31
263,6,0
264,16,0
265,5,0
266,10,0
267,15,0
268,7,12
269,9,16
270,2,0
271,9,0
272,6,35
273,9,41
274,9,0
275,8,29
276,9,0
277,7,0
278,6,22
279,6,22
280,7,23
281,10,0
282,5,16
283,6,0
284,12,24
285,7,23
286,13,0
287,8,0
288,6,0
289,4,0
290,7,0
291,6,0
292,7,0
293,4,0
294,6,20
295,4,0
296,5,0
297,7,17
298,12,27
299,4,22
300,15,23
301,5,0
302,6,0
303,9,16
304,2,15
305,6,0
306,3,38
307,3,0
308,12,29
309,5,0
310,10,16
311,9,26
312,18,0
313,15,0
314,6,25
315,17,31
316,6,0
317,13,0
318,12,0
319,7,29
320,11,21
321,9,0
322,21,0
323,5,18
324,3,0
325,21,0
326,5,0
327,6,19
328,7,31
329,6,32
330,5,20
331,3,21
332,9,0
333,6,0
334,3,0
335,5,0
336,7,19
337,10,0
338,10,0
339,9,21
340,12,0
341,20,7
342,9,0
343,9,19
344,11,16
345,8,0
346,5,0
347,8,0
348,13,0
349,9,0
350,9,0
351,7,23
352,15,0
353,2,0
354,10,22
355,8,0
356,9,0
357,8,21
358,6,17
359,5,15
360,9,0
361,11,23
362,1,18
363,3,13
364,3,15
365,6,0
366,6,0
367,6,0
368,3,22
369,11,20
370,10,36
371,6,32
372,5,37
373,8,0
374,4,0
375,6,38
376,11,23
377,12,0
378,7,24
379,14,31
380,5,52
381,5,36
382,7,22
383,14,0
384,7,0
385,8,26
386,3,0
387,5,0
388,4,12
389,7,18
390,3,23
391,9,27
392,3,0
393,4,22
394,5,0
395,18,0
396,12,0
397,12,19
398,6,27
399,4,0
400,6,0
401,7,0
402,12,0
403,11,21
404,6,0
405,6,0
406,10,0
407,5,20
408,9,0
409,12,38
410,5,28
411,8,0
412,8,0
413,9,19
414,3,0
415,8,0
416,5,0
417,5,0
418,9,0
419,9,0
420,7,0
421,8,0
422,5,27
423,5,0
424,6,0
425,4,0
426,4,35
427,9,0
428,5,0
429,19,16
430,10,27
431,10,0
432,8,0
433,5,27
434,3,0
435,11,0
436,3,0
437,6,23
438,12,24
439,21,34
440,15,24
441,8,0
442,7,24
443,5,28
444,8,26
445,12,0
446,6,0
447,16,20
448,5,0
449,12,26
450,5,0
451,3,0
452,8,21
453,2,0
454,5,35
455,23,0
456,15,0
457,5,15
458,15,0
459,15,12
460,9,0
461,7,0
462,10,0
463,10,0
464,4,0
465,6,0
466,4,23
467,14,0
468,14,0
469,13,0
470,9,0
471,10,0
472,7,0
473,6,30
474,10,26
475,9,0
476,23,0
477,11,19
478,12,0
479,16,0
480,13,0
481,8,0
482,3,19
483,7,0
484,11,24
485,12,0
486,11,0
487,13,0
488,6,0
489,11,0
490,5,0
491,11,0
492,8,24
493,3,33
494,6,0
495,13,29
496,5,30
497,7,20
498,14,26
499,10,0
500,9,18
501,9,42
502,17,0
503,18,0
504,13,0
505,7,15
506,9,0
507,11,24
508,11,0
509,17,0
510,3,0
511,7,0
512,2,22
513,4,0
514,13,17
515,15,0
516,4,0
517,12,0
518,6,26
519,5,0
520,4,21
521,13,0
522,5,20
523,5,0
524,8,0
525,12,0
526,2,0
527,6,0
528,17,27
529,10,28
530,6,17
531,7,24
532,10,0
533,11,0
534,12,13
535,27,0
536,11,21
537,4,0
538,7,0
539,9,24
540,6,31
541,7,0
542,7,24
543,13,0
544,8,0
545,3,0
546,5,0
547,6,22
548,11,0
549,9,0
550,10,33
551,12,17
552,9,0
553,10,0
554,6,0
555,11,33
556,10,0
557,5,14
558,15,0
559,6,19
560,12,26
561,4,28
562,10,24
563,18,0
564,11,0
565,7,12
566,8,21
567,7,0
568,5,10
569,10,0
570,6,20
571,12,0
572,8,0
573,19,12
574,7,0
575,7,29
576,10,19
577,11,0
578,4,22
579,7,0
580,4,0
581,7,0
582,15,0
583,5,21
584,6,0
585,13,0
586,8,0
587,6,0
588,4,23
589,1,0
590,5,0
591,5,28
592,21,32
593,3,0
594,9,0
595,13,0
596,15,0
597,10,22
598,5,0
599,3,0
600,10,19
601,3,0
602,9,29
603,5,13
604,7,0
605,13,0
606,6,0
607,12,31
608,4,22
609,10,0
610,7,0
611,6,0
612,10,24
613,6,33
614,6,25
615,5,0
616,6,31
617,6,0
618,5,22
619,5,0
620,3,0
621,5,0
622,3,19
623,7,20
624,1,30
625,2,0
626,7,0
627,15,0
628,12,28
629,8,0
630,16,0
631,3,0
632,11,0
633,15,0
634,7,0
635,6,0
636,6,0
637,11,0
638,4,0
639,17,19
640,6,0
641,8,0
642,3,0
643,8,0
644,6,25
645,5,0
646,3,0
647,7,0
648,8,16
649,8,18
650,18,29
651,10,0
652,4,0
653,3,0
654,8,0
655,8,0
656,12,0
657,5,0
658,14,8
659,8,33
660,13,15
661,11,0
662,9,0
663,13,0
664,15,31
665,15,18
666,6,0
667,14,28
668,7,37
669,10,0
670,16,15
671,4,0
672,7,0
673,9,0
674,9,0
675,5,0
676,12,0
677,4,0
678,8,0
679,12,23
680,8,0
681,3,24
682,8,0
683,11,14
684,5,0
685,11,0
686,11,38
687,5,0
688,3,30
689,5,0
690,4,30
691,11,0
692,5,0
693,18,23
694,6,0
695,13,0
696,9,0
697,18,36
698,6,24
699,9,28
700,4,0
701,3,0
702,3,0
703,6,0
704,16,28
705,7,42
706,7,13
707,5,38
708,9,20
709,10,23
710,15,28
711,10,24
712,11,24
713,5,0
714,11,0
715,6,0
716,9,0
717,8,20
718,6,0
719,5,0
720,6,18
721,10,0
722,5,15
723,9,9
724,4,29
725,5,32
726,6,0
727,12,21
728,11,0
729,26,0
730,3,19
731,6,22
732,2,31
733,4,19
734,11,0
735,8,0
736,10,0
737,11,0
738,5,0
739,9,0
740,7,12
741,18,0
742,14,14
743,6,0
744,9,0
745,7,29
746,9,22
747,9,0
748,3,24
749,4,20
750,9,23
751,15,0
752,10,35
753,4,22
754,4,26
755,13,0
756,6,18
757,6,0
758,9,20
759,9,0
760,9,0
761,9,0
762,16,0
763,9,0
764,11,21
765,10,26
766,7,0
767,8,45
768,3,22
769,8,17
770,7,23
771,12,0
772,4,26
773,10,0
774,9,0
775,13,24
776,9,0
777,9,0
778,2,0
779,17,0
780,8,24
781,11,0
782,6,0
783,7,31
784,8,0
785,7,0
786,3,30
787,8,0
788,7,0
789,4,28
790,8,15
791,11,14
792,6,21
793,13,0
794,6,0
795,12,0
796,1,0
797,8,0
798,4,0
799,12,23
800,13,0
801,5,25
802,8,0
803,3,29
804,11,0
805,9,0
806,6,0
807,8,0
808,12,0
809,7,26
810,7,0
811,8,0
812,15,0
813,15,0
814,10,23
815,8,0
816,12,0
817,10,0
818,9,0
819,9,0
820,13,21
821,6,21
822,13,18
823,5,12
824,9,0
825,8,0
826,3,0
827,2,0
828,7,14
829,6,0
830,5,0
831,6,0
832,7,13
833,10,26
834,7,0
835,5,21
836,10,20
837,11,30
838,3,35
839,14,23
840,9,0
841,10,37
842,6,0
843,3,0
844,10,0
845,8,28
846,4,0
847,3,23
848,5,0
849,8,16
850,17,41
851,6,20
852,4,20
853,5,25
854,5,0
855,7,0
856,15,23
857,11,31
858,10,0
859,7,0
860,7,19
861,18,0
862,11,0
863,4,25
864,10,24
865,10,24
866,13,21
867,6,30
868,6,0
869,12,0
870,5,0
871,16,0
872,9,0
873,14,18
874,3,18
875,14,14
876,8,0
877,12,0
878,15,0
879,7,21
880,5,0
881,12,0
882,6,27
883,11,27
884,5,15
885,12,0
886,9,0
887,9,0
888,6,17
889,5,21
890,7,16
891,6,0
892,5,0
893,11,25
894,8,0
895,10,0
896,16,0
897,7,0
898,20,0
899,6,0
900,14,24
901,2,38
902,6,0
903,5,0
904,5,0
905,10,38
906,3,0
907,7,0
908,5,25
909,11,0
910,12,0
911,8,23
912,5,0
913,18,0
914,16,0
915,5,17
916,6,0
917,21,21
918,7,25
919,8,0
920,4,0
921,9,0
922,11,0
923,6,24
924,8,22
925,12,28
926,11,0
927,12,23
928,4,0
929,7,0
930,5,0
931,18,0
932,8,0
933,6,0
934,9,0
935,17,0
936,4,0
937,3,0
938,14,16
939,8,20
940,5,19
941,14,0
942,8,0
943,6,0
944,6,0
945,6,0
946,11,0
947,13,27
948,3,0
949,12,22
950,12,0
951,14,18
952,3,0
953,6,0
954,11,18
955,5,0
956,7,17
957,9,0
958,9,0
959,7,0
960,9,0
961,6,0
962,9,0
963,4,0
964,9,19
965,18,0
966,3,21
967,8,0
968,4,27
969,7,0
970,13,46
971,8,21
972,9,0
973,20,50
974,8,0
975,4,20
976,11,30
977,8,0
978,6,0
979,12,0
980,3,0
981,17,0
982,5,0
983,7,40
984,8,0
985,5,0
986,8,30
987,5,0
988,12,14
989,8,0
990,14,0
991,10,0
992,5,0
993,8,0
994,9,0
995,7,40
996,12,31
997,3,0
998,12,0
999,7,37
1000,7,0
1001,4,21
1002,9,0
1003,3,27
1004,3,0
1005,7,0
1006,21,0
1007,6,0
1008,7,28
1009,7,0
1010,6,24
1011,9,15
1012,9,0
1013,3,33
1014,7,16
1015,11,23
1016,11,30
1017,9,0
1018,5,23
1019,3,0
1020,4,15
1021,8,0
1022,6,11
1023,7,48
1024,9,0
1025,4,17
1026,7,0
1027,7,18
1028,11,29
1029,11,0
1030,10,0
1031,9,24
1032,8,0
1033,8,30
1034,2,0
1035,3,31
1036,8,19
1037,14,0
1038,9,0
1039,4,0
1040,1,0
1041,4,0
1042,20,0
1043,2,0
1044,12,18
1045,6,0
1046,9,0
1047,12,16
1048,6,0
1049,8,36
1050,15,0
1051,8,0
1052,13,0
1053,7,0
1054,8,0
1055,1,0
1056,10,0
1057,14,0
1058,5,19
1059,9,21
1060,6,0
1061,6,0
1062,6,0
1063,6,22
1064,2,16
1065,7,0
1066,14,17
1067,4,23
1068,9,25
1069,11,0
1070,5,0
1071,5,0
1072,10,41
1073,8,0
1074,9,0
1075,9,0
1076,12,18
1077,8,0
1078,15,0
1079,9,0
1080,11,0
1081,8,27
1082,10,18
1083,12,0
1084,8,17
1085,5,0
1086,4,0
1087,6,0
1088,9,17
1089,7,25
1090,10,32
1091,3,0
1092,7,19
1093,5,0
1094,10,0
1095,7,25
1096,15,0
1097,2,0
1098,5,0
1099,11,16
1100,4,0
1101,14,22
1102,19,0
1103,6,21
1104,4,33
1105,6,21
1106,16,0
1107,15,0
1108,19,0
1109,12,0
1110,3,19
1111,17,0
1112,2,25
1113,4,0
1114,8,0
1115,13,0
1116,6,0
1117,25,18
1118,15,0
1119,10,0
1120,13,36
1121,12,18
1122,1,17
1123,9,0
1124,15,0
1125,1,0
1126,7,27
1127,11,14
1128,8,0
1129,11,42
1130,12,0
1131,6,0
1132,4,0
1133,4,11
1134,11,48
1135,8,0
1136,10,0
1137,10,0
1138,6,0
1139,6,0
1140,7,0
1141,4,30
1142,7,26
1143,6,0
1144,10,0
1145,6,22
1146,14,28
1147,4,0
1148,9,0
1149,15,22
1150,6,0
1151,8,18
1152,14,0
1153,8,0
1154,6,38
1155,6,24
1156,5,16
1157,10,25
1158,11,0
1159,19,0
1160,12,21
1161,18,0
1162,5,0
1163,9,0
1164,14,0
1165,9,21
1166,8,0
1167,5,23
1168,7,0
1169,8,0
1170,8,0
1171,7,0
1172,8,15
1173,9,0
1174,2,0
1175,10,0
1176,14,17
1177,9,0
1178,8,0
1179,14,0
1180,6,0
1181,4,0
1182,14,0
1183,11,19
1184,10,15
1185,9,26
1186,8,0
1187,9,0
1188,12,27
1189,7,0
1190,12,0
1191,6,0
1192,5,0
1193,6,0
1194,2,34
1195,8,0
1196,13,0
1197,7,29
1198,10,20
1199,11,0
1200,9,0
1201,3,0
1202,6,25
1203,11,0
1204,7,29
1205,3,0
1206,14,0
1207,5,18
1208,14,0
1209,8,0
1210,6,0
1211,16,0
1212,9,16
1213,5,0
1214,4,26
1215,13,19
1216,9,0
1217,9,0
1218,6,0
1219,11,0
1220,16,19
1221,4,0
1222,7,17
1223,10,0
1224,4,27
1225,12,0
1226,6,0
1227,13,0
1228,10,0
1229,5,17
1230,5,25
1231,13,0
1232,24,0
1233,4,0
1234,6,24
1235,5,0
1236,3,0
1237,4,0
1238,5,0
1239,6,0
1240,8,0
1241,2,0
1242,7,0
1243,5,0
1244,8,7
1245,12,0
1246,7,0
1247,4,0
1248,10,20
1249,6,0
1250,5,0
1251,10,0
1252,14,0
1253,2,0
1254,9,18
1255,5,37
1256,11,20
1257,8,0
1258,7,0
1259,9,0
1260,10,0
1261,7,14
1262,3,0
1263,6,0
1264,7,23
1265,7,29
1266,4,31
1267,8,18
1268,8,0
1269,12,0
1270,8,19
1271,10,0
1272,5,0
1273,21,0
1274,6,0
1275,8,0
1276,12,0
1277,21,25
1278,9,0
1279,1,0
1280,10,25
1281,5,0
1282,8,18
1283,19,21
1284,24,34
1285,4,0
1286,6,24
1287,4,0
1288,7,0
1289,11,0
1290,12,0
1291,11,0
1292,13,14
1293,7,0
1294,8,9
1295,4,7
1296,4,0
1297,6,0
1298,6,27
1299,9,14
1300,17,0
1301,14,15
1302,9,0
1303,9,0
1304,9,24
1305,8,0
1306,4,20
1307,5,0
1308,10,0
1309,5,0
1310,18,23
1311,9,37
1312,12,0
1313,8,23
1314,16,35
1315,15,0
1316,20,0
1317,3,0
1318,11,26
1319,9,0
1320,21,16
1321,9,0
1322,9,0
1323,15,36
1324,10,0
1325,4,0
1326,9,0
1327,3,23
1328,5,0
1329,9,36
1330,19,0
1331,3,0
1332,6,32
1333,4,28
1334,12,0
1335,6,33
1336,7,0
1337,10,0
1338,15,17
1339,4,0
1340,15,0
1341,6,19
1342,9,17
1343,24,18
1344,10,17
1345,6,0
1346,7,12
1347,9,0
1348,8,16
1349,5,34
1350,8,23
1351,21,0
1352,4,0
1353,12,0
1354,9,27
1355,11,0
1356,6,0
1357,4,28
1358,8,0
1359,3,0
1360,17,0
1361,5,25
1362,5,27
1363,4,0
1364,10,0
1365,8,14
1366,10,24
1367,7,19
1368,4,39
1369,8,22
1370,6,0
1371,14,21
1372,11,0
1373,4,0
1374,12,25
1375,5,0
1376,3,0
1377,5,0
1378,10,18
1379,19,0
1380,11,0
1381,11,24
1382,1,28
1383,6,0
1384,5,29
1385,10,0
1386,6,0
1387,7,0
1388,2,20
1389,13,0
1390,14,0
1391,13,0
1392,8,22
1393,10,0
1394,13,20
1395,4,0
1396,6,0
1397,13,0
1398,25,30
1399,9,0
1400,3,0
1401,9,30
1402,16,30
1403,12,12
1404,6,18
1405,7,28
1406,2,30
1407,10,0
1408,4,0
1409,9,0
1410,2,30
1411,4,0
1412,6,0
1413,11,0
1414,10,0
1415,9,22
1416,10,29
1417,16,0
1418,4,25
1419,4,0
1420,14,0
1421,6,0
1422,6,41
1423,3,18
1424,17,0
1425,12,15
1426,7,0
1427,12,24
1428,6,27
1429,6,20
1430,6,0
1431,8,18
1432,4,0
1433,8,14
1434,6,0
1435,2,0
1436,10,0
1437,5,0
1438,3,0
1439,7,0
1440,6,0
1441,8,0
1442,4,0
1443,6,21
1444,9,0
1445,12,0
1446,4,0
1447,2,0
1448,6,0
1449,1,34
1450,21,0
1451,14,15
1452,16,0
1453,12,29
1454,12,0
1455,6,16
1456,4,32
1457,12,27
1458,1,26
1459,7,0
1460,8,0
1461,9,17
1462,10,0
1463,3,0
1464,1,32
1465,8,11
1466,9,35
1467,9,0
1468,8,0
1469,1,0
1470,11,29
1471,9,0
1472,9,0
1473,3,0
1474,6,28
1475,8,0
1476,12,0
1477,6,15
1478,2,0
1479,9,0
1480,4,21
1481,8,0
1482,5,33
1483,5,28
1484,9,0
1485,22,27
1486,8,31
1487,2,37
1488,5,21
1489,7,0
1490,5,0
1491,13,0
1492,7,0
1493,5,19
1494,7,0
1495,4,29
1496,12,19
1497,5,29
1498,5,0
1499,8,0
1500,7,0
1501,8,25
1502,13,10
1503,5,0
1504,9,17
1505,6,0
1506,5,0
1507,5,29
1508,5,0
1509,7,0
1510,11,0
1511,8,14
1512,6,29
1513,4,0
1514,5,0
1515,10,0
1516,5,0
1517,4,0
1518,7,0
1519,13,0
1520,12,27
1521,4,29
1522,5,0
1523,4,18
1524,15,0
1525,5,0
1526,3,0
1527,9,0
1528,3,26
1529,4,0
1530,7,17
1531,16,0
1532,12,0
1533,21,0
1534,4,0
1535,6,0
1536,9,11
1537,4,0
1538,4,14
1539,2,0
1540,5,0
1541,8,0
1542,1,0
1543,12,0
1544,4,39
1545,7,30
1546,11,0
1547,12,0
1548,9,0
1549,6,48
1550,6,0
1551,15,0
1552,8,0
1553,18,23
1554,8,0
1555,4,0
1556,7,0
1557,6,32
1558,6,15
1559,12,0
1560,6,23
1561,8,0
1562,7,0
1563,13,0
1564,9,0
1565,10,32
1566,7,0
1567,16,22
1568,7,0
1569,9,27
1570,4,17
1571,3,0
1572,18,38
1573,13,21
1574,12,27
1575,4,26
1576,11,0
1577,10,0
1578,19,29
1579,10,37
1580,6,0
1581,4,0
1582,6,0
1583,15,26
1584,8,32
1585,9,0
1586,12,0
1587,4,0
1588,7,0
1589,10,23
1590,11,24
1591,5,0
1592,4,0
1593,4,0
1594,6,22
1595,11,29
1596,12,32
1597,9,14
1598,11,13
1599,10,0
1600,18,0
1601,7,0
1602,20,0
1603,8,22
1604,12,0
1605,7,0
1606,8,25
1607,7,0
1608,4,0
1609,6,0
1610,12,14
1611,13,0
1612,4,0
1613,9,20
1614,6,19
1615,11,0
1616,19,27
1617,23,0
1618,14,0
1619,15,15
1620,13,22
1621,12,0
1622,11,17
1623,13,0
1624,5,21
1625,4,0
1626,5,19
1627,7,0
1628,4,0
1629,3,0
1630,7,0
1631,9,37
1632,6,0
1633,6,0
1634,6,0
1635,3,19
1636,5,17
1637,15,0
1638,7,0
1639,5,0
1640,11,32
1641,12,0
1642,19,0
1643,5,16
1644,6,0
1645,11,0
1646,2,0
1647,0,0
1648,15,27
1649,12,20
1650,11,24
1651,4,0
1652,4,0
1653,12,15
1654,29,0
1655,7,18
1656,5,0
1657,10,19
1658,11,0
1659,4,0
1660,11,0
1661,10,19
1662,8,0
1663,6,0
1664,6,0
1665,11,15
1666,15,21
1667,13,0
1668,18,0
1669,11,0
1670,12,0
1671,9,0
1672,5,23
1673,7,0
1674,6,21
1675,3,0
1676,9,19
1677,14,0
1678,6,23
1679,2,20
1680,4,0
1681,6,0
1682,6,0
1683,7,0
1684,10,11
1685,8,0
1686,8,22
1687,6,34
1688,4,0
1689,21,0
1690,2,27
1691,13,0
1692,4,28
1693,6,32
1694,4,11
1695,10,0
1696,5,29
1697,6,0
1698,16,0
1699,7,0
1700,5,0
1701,9,0
1702,9,0
1703,8,0
1704,2,28
1705,8,23
1706,15,0
1707,5,22
1708,14,0
1709,13,0
1710,7,0
1711,4,39
1712,10,0
1713,7,31
1714,6,28
1715,8,0
1716,14,0
1717,3,0
1718,4,0
1719,5,25
1720,5,0
1721,9,18
1722,9,0
1723,5,0
1724,11,42
1725,3,0
1726,6,19
1727,10,0
1728,6,0
1729,7,25
1730,8,17
1731,2,23
1732,4,32
1733,8,0
1734,6,0
1735,13,0
1736,12,25
1737,8,26
1738,9,12
1739,19,0
1740,12,24
1741,4,0
1742,5,17
1743,13,0
1744,10,24
1745,8,0
1746,16,30
1747,5,25
1748,8,20
1749,3,0
1750,5,30
1751,4,0
1752,6,22
1753,5,0
1754,6,29
1755,16,27
1756,5,0
1757,4,0
1758,15,21
1759,10,0
1760,13,0
1761,9,0
1762,13,37
1763,4,39
1764,10,0
1765,8,16
1766,5,18
1767,5,0
1768,10,22
1769,18,0
1770,8,0
1771,6,0
1772,13,0
1773,5,23
1774,4,21
1775,6,38
1776,16,18
1777,8,31
1778,8,0
1779,16,0
1780,10,0
1781,5,0
1782,5,0
1783,4,0
1784,10,0
1785,5,0
1786,12,0
1787,6,0
1788,5,33
1789,5,0
1790,12,24
1791,6,0
1792,9,21
1793,15,0
1794,14,16
1795,8,22
1796,4,18
1797,15,0
1798,9,22
1799,2,0
1800,5,0
1801,15,0
1802,9,35
1803,12,0
1804,7,17
1805,16,0
1806,15,0
1807,3,26
1808,6,0
1809,7,22
1810,7,0
1811,11,23
1812,14,0
1813,22,0
1814,17,0
1815,9,16
1816,1,0
1817,20,0
1818,10,31
1819,10,20
1820,10,0
1821,13,0
1822,9,0
1823,4,0
1824,10,30
1825,9,31
1826,5,0
1827,7,0
1828,6,0
1829,27,25
1830,4,33
1831,6,12
1832,15,16
1833,14,21
1834,14,0
1835,12,11
1836,3,0
1837,14,29
1838,11,0
1839,12,0
1840,3,0
1841,11,0
1842,15,0
1843,6,0
1844,3,26
1845,6,0
1846,22,19
1847,11,0
1848,10,29
1849,14,0
1850,13,18
1851,12,0
1852,5,14
1853,7,0
1854,10,0
1855,12,0
1856,7,21
1857,9,0
1858,21,36
1859,20,0
1860,9,0
1861,5,18
1862,2,0
1863,19,0
1864,6,0
1865,12,0
1866,6,0
1867,10,31
1868,5,0
1869,8,0
1870,4,0
1871,1,31
1872,17,15
1873,18,17
1874,8,0
1875,17,15
1876,9,0
1877,14,22
1878,6,0
1879,7,21
1880,4,0
1881,8,0
1882,11,0
1883,8,0
1884,21,0
1885,8,0
1886,5,0
1887,8,27
1888,11,0
1889,8,0
1890,13,20
1891,8,0
1892,4,34
1893,4,24
1894,6,22
1895,7,0
1896,4,0
1897,6,0
1898,10,14
1899,7,0
1900,1,0
1901,9,17
1902,10,0
1903,16,0
1904,6,0
1905,11,11
1906,13,0
1907,7,0
1908,8,0
1909,10,0
1910,5,0
1911,4,0
1912,2,0
1913,13,16
1914,8,14
1915,22,0
1916,4,18
1917,3,36
1918,9,0
1919,18,0
1920,3,0
1921,10,16
1922,7,0
1923,4,22
1924,7,32
1925,14,0
1926,4,0
1927,13,0
1928,10,0
1929,10,17
1930,9,0
1931,9,33
1932,8,29
1933,3,26
1934,9,12
1935,4,21
1936,11,22
1937,3,0
1938,10,0
1939,10,18
1940,21,0
1941,4,0
1942,6,23
1943,5,0
1944,13,0
1945,6,0
1946,5,31
1947,5,0
1948,4,26
1949,5,0
1950,6,0
1951,11,0
1952,8,24
1953,12,0
1954,4,0
1955,7,17
1956,15,27
1957,5,28
1958,7,17
1959,2,17
1960,7,26
1961,12,21
1962,6,0
1963,6,0
1964,8,29
1965,8,30
1966,9,0
1967,13,20
1968,7,0
1969,10,22
1970,6,28
1971,7,0
1972,27,0
1973,5,0
1974,5,0
1975,10,0
1976,11,13
1977,9,0
1978,13,0
1979,3,23
1980,5,28
1981,6,25
1982,12,0
1983,16,0
1984,7,0
1985,7,0
1986,3,0
1987,2,18
1988,11,0
1989,12,26
1990,12,33
1991,3,0
1992,16,24
1993,8,23
1994,10,0
1995,15,0
1996,13,19
1997,10,28
1998,7,0
1999,6,27
2000,11,0
2001,8,16
2002,7,0
2003,8,0
2004,4,0
2005,7,0
2006,4,0
2007,11,0
2008,7,0
2009,9,27
2010,4,25
2011,13,15
2012,7,0
2013,10,0
2014,4,26
2015,3,0
2016,10,0
2017,7,19
2018,10,15
2019,7,0
2020,9,23
2021,12,0
2022,7,0
2023,6,0
2024,9,22
2025,2,21
2026,7,0
2027,7,0
2028,11,0
2029,19,29
2030,16,0
2031,8,22
2032,6,0
2033,8,11
2034,13,0
2035,8,0
2036,11,0
2037,4,0
2038,5,0
2039,12,26
2040,12,14
2041,10,22
2042,7,0
2043,16,0
2044,9,26
2045,12,22
2046,3,36
2047,28,0
2048,5,0
2049,4,29
2050,16,0
2051,11,0
2052,9,8
2053,7,0
2054,13,0
2055,4,0
2056,13,0
2057,7,0
2058,16,0
2059,11,0
2060,7,28
2061,10,0
2062,27,21
2063,14,19
2064,11,0
2065,8,0
2066,12,25
2067,9,19
2068,16,18
2069,5,0
2070,11,0
2071,4,17
2072,6,0
2073,3,24
2074,10,27
2075,12,26
2076,6,19
2077,12,36
2078,6,28
2079,7,0
2080,6,0
2081,6,0
2082,3,0
2083,7,0
2084,8,26
2085,10,0
2086,7,15
2087,3,0
2088,13,22
2089,6,17
2090,4,0
2091,7,0
2092,14,20
2093,11,0
2094,9,0
2095,5,21
2096,5,19
2097,6,28
2098,4,0
2099,7,25
2100,7,16
2101,6,13
2102,9,31
2103,9,0
2104,3,0
2105,5,20
2106,5,0
2107,17,28
2108,6,0
2109,4,0
2110,8,18
2111,4,18
2112,12,0
2113,12,0
2114,6,0
2115,3,23
2116,12,0
2117,9,0
2118,10,0
2119,7,0
2120,7,21
2121,14,23
2122,16,38
2123,8,22
2124,7,16
2125,7,22
2126,5,0
2127,14,0
2128,10,0
2129,5,0
2130,7,30
2131,19,26
2132,7,0
2133,9,0
2134,12,0
2135,4,23
2136,3,31
2137,8,0
2138,7,25
2139,8,0
2140,5,19
2141,6,0
2142,6,0
2143,11,0
2144,9,0
2145,12,0
2146,8,0
2147,18,28
2148,5,0
2149,15,0
2150,10,0
2151,15,0
2152,9,25
2153,17,0
2154,11,0
2155,15,0
2156,8,0
2157,5,14
2158,15,0
2159,4,41
2160,9,0
2161,7,25
2162,6,0
2163,3,0
2164,7,0
2165,15,0
2166,7,0
2167,13,0
2168,11,0
2169,7,0
2170,9,0
2171,6,22
2172,7,32
2173,8,0
2174,11,0
2175,8,0
2176,10,0
2177,11,0
2178,10,0
2179,10,0
2180,5,0
2181,4,21
2182,5,22
2183,8,0
2184,15,17
2185,7,0
2186,2,25
2187,7,0
2188,4,14
2189,8,33
2190,14,10
2191,10,31
2192,13,0
2193,10,0
2194,16,0
2195,10,17
2196,3,0
2197,10,20
2198,5,20
2199,10,23
2200,4,15
2201,14,17
2202,9,28
2203,6,0
2204,18,0
2205,6,0
2206,19,26
2207,6,0
2208,14,22
2209,6,31
2210,4,0
2211,3,26
2212,13,0
2213,6,16
2214,6,25
2215,16,0
2216,6,0
2217,5,20
2218,8,25
2219,8,25
2220,5,37
2221,10,0
2222,4,20
2223,6,0
2224,13,0
2225,3,0
2226,13,17
2227,13,30
2228,5,16
2229,15,0
2230,13,11
2231,8,0
2232,4,20
2233,17,0
2234,9,0
2235,11,0
2236,6,0
2237,10,0
2238,9,22
2239,7,0
2240,11,0
2241,10,0
2242,6,0
2243,8,0
2244,14,0
2245,9,27
2246,12,0
2247,19,31
2248,4,30
2249,8,23
2250,5,25
2251,5,0
2252,8,0
2253,13,38
2254,7,0
2255,6,0
2256,18,31
2257,1,0
2258,8,22
2259,8,0
2260,7,0
2261,4,15
2262,9,0
2263,4,0
2264,8,0
2265,3,0
2266,11,0
2267,6,28
2268,5,0
2269,6,17
2270,21,16
2271,4,0
2272,17,33
2273,5,28
2274,18,0
2275,4,18
2276,9,33
2277,9,0
2278,5,31
2279,16,0
2280,17,0
2281,5,23
2282,9,0
2283,3,17
2284,10,0
2285,10,0
2286,4,31
2287,7,32
2288,7,0
2289,13,30
2290,13,0
2291,4,0
2292,6,0
2293,6,0
2294,7,13
2295,12,18
2296,12,0
2297,5,19
2298,10,31
2299,5,0
2300,20,20
2301,2,0
2302,9,0
2303,9,0
2304,6,0
2305,10,0
2306,5,15
2307,6,0
2308,15,0
2309,3,20
2310,3,34
2311,6,0
2312,6,0
2313,7,23
2314,14,0
2315,14,17
2316,13,0
2317,9,0
2318,6,17
2319,12,26
2320,8,31
2321,5,0
2322,10,0
2323,7,0
2324,6,0
2325,8,19
2326,16,0
2327,5,0
2328,7,29
2329,8,27
2330,14,17
2331,6,0
2332,5,17
2333,9,27
2334,13,0
2335,3,0
2336,7,0
2337,7,0
2338,6,30
2339,6,31
2340,15,0
2341,10,0
2342,6,27
2343,4,0
2344,9,28
2345,11,0
2346,7,0
2347,6,0
2348,7,0
2349,10,0
2350,14,0
2351,6,25
2352,11,21
2353,10,0
2354,8,0
2355,13,26
2356,9,21
2357,6,0
2358,5,0
2359,14,16
2360,1,0
2361,7,24
2362,8,18
2363,15,0
2364,6,0
2365,8,0
2366,3,0
2367,7,0
2368,11,0
2369,11,0
2370,4,31
2371,11,0
2372,4,0
2373,12,15
2374,13,0
2375,6,12
2376,11,0
2377,4,25
2378,9,0
2379,12,23
2380,5,0
2381,8,30
2382,11,0
2383,5,15
2384,2,0
2385,2,0
2386,6,23
2387,5,37
2388,7,0
2389,4,22
2390,13,15
2391,18,0
2392,4,20
2393,8,25
2394,5,0
2395,8,0
2396,7,25
2397,6,46
2398,4,25
2399,10,0
2400,6,20
2401,14,0
2402,12,24
2403,15,0
2404,6,0
2405,10,24
2406,8,0
2407,7,0
2408,2,0
2409,17,0
2410,9,0
2411,18,0
2412,10,23
2413,5,0
2414,7,0
2415,10,0
2416,5,17
2417,8,23
2418,14,0
2419,6,31
2420,11,0
2421,13,0
2422,5,22
2423,15,18
2424,8,0
2425,9,0
2426,10,0
2427,3,23
2428,3,26
2429,14,0
2430,9,22
2431,10,0
2432,6,14
2433,7,17
2434,2,19
2435,5,0
2436,6,0
2437,17,0
2438,10,0
2439,3,0
2440,10,12
2441,6,21
2442,4,0
2443,5,0
2444,4,26
2445,14,13
2446,12,25
2447,7,0
2448,5,0
2449,3,0
2450,6,21
2451,14,0
2452,4,28
2453,1,0
2454,3,16
2455,3,0
2456,10,22
2457,8,0
2458,7,0
2459,12,0
2460,4,0
2461,10,0
2462,4,0
2463,12,0
2464,7,0
2465,8,0
2466,14,0
2467,10,0
2468,5,0
2469,8,0
2470,10,0
2471,6,0
2472,8,0
2473,11,0
2474,7,0
2475,4,25
2476,5,0
2477,5,14
2478,7,0
2479,3,0
2480,14,0
2481,5,33
2482,5,0
2483,2,23
2484,21,32
2485,8,0
2486,5,0
2487,2,25
2488,13,21
2489,20,12
2490,15,0
2491,11,0
2492,3,0
2493,2,0
2494,6,11
2495,5,24
2496,2,22
2497,17,0
2498,9,0
2499,8,26
2500,2,27
2501,8,0
2502,9,0
2503,5,0
2504,4,0
2505,16,0
2506,7,22
2507,9,0
2508,6,0
2509,7,0
2510,11,0
2511,5,0
2512,11,16
2513,3,0
2514,8,0
2515,5,0
2516,5,0
2517,18,13
2518,5,0
2519,1,32
2520,13,0
2521,18,0
2522,13,32
2523,12,17
2524,6,0
2525,9,0
2526,11,23
2527,2,15
2528,5,0
2529,4,0
2530,6,0
2531,9,33
2532,11,19
2533,11,0
2534,3,0
2535,7,27
2536,3,21
2537,14,0
2538,5,0
2539,16,0
2540,9,0
2541,4,0
2542,12,0
2543,12,0
2544,16,18
2545,16,9
2546,6,0
2547,10,0
2548,17,27
2549,9,0
2550,7,13
2551,5,0
2552,4,0
2553,6,32
2554,6,26
2555,17,28
2556,9,34
2557,7,19
2558,2,22
2559,6,0
2560,18,16
2561,13,0
2562,17,0
2563,5,0
2564,6,0
2565,8,0
2566,7,0
2567,9,0
2568,2,0
2569,9,0
2570,4,0
2571,9,0
2572,10,19
2573,12,27
2574,5,0
2575,9,0
2576,6,23
2577,7,0
2578,9,0
2579,9,0
2580,5,19
2581,6,11
2582,6,0
2583,10,34
2584,7,0
2585,15,0
2586,3,0
2587,3,0
2588,6,0
2589,9,0
2590,11,26
2591,6,14
2592,16,0
2593,11,27
2594,5,0
2595,11,19
2596,6,0
2597,7,13
2598,5,0
2599,3,0
2600,6,28
2601,7,0
2602,7,15
2603,11,14
2604,5,0
2605,20,0
2606,12,0
2607,4,0
2608,8,34
2609,3,0
2610,15,0
2611,0,0
2612,3,0
2613,12,0
2614,12,0
2615,5,0
2616,5,0
2617,7,35
2618,6,0
2619,10,0
2620,5,34
2621,11,31
2622,5,17
2623,9,26
2624,12,0
2625,6,0
2626,6,37
2627,14,30
2628,12,0
2629,11,27
2630,7,0
2631,4,0
2632,12,13
2633,6,17
2634,6,0
2635,7,26
2636,8,28
2637,8,0
2638,12,0
2639,6,0
2640,8,0
2641,7,0
2642,5,20
2643,16,0
2644,10,0
2645,9,24
2646,3,30
2647,10,20
2648,7,13
2649,15,16
2650,17,0
2651,6,31
2652,5,0
2653,7,25
2654,11,0
2655,7,0
2656,11,0
2657,9,0
2658,2,0
2659,4,0
2660,20,22
2661,10,0
2662,7,16
2663,16,11
2664,7,0
2665,5,25
2666,5,0
2667,9,0
2668,7,0
2669,3,0
2670,12,0
2671,6,0
2672,4,25
2673,3,16
2674,10,21
2675,10,0
2676,13,26
2677,9,46
2678,3,31
2679,9,19
2680,14,0
2681,7,20
2682,11,25
2683,14,0
2684,11,24
2685,4,0
2686,3,23
2687,6,0
2688,7,0
2689,2,0
2690,10,0
2691,6,0
2692,3,17
2693,5,0
2694,5,0
2695,10,0
2696,11,0
2697,10,0
2698,11,17
2699,2,0
2700,15,0
2701,4,26
2702,8,17
2703,14,0
2704,8,0
2705,5,23
2706,7,0
2707,9,0
2708,10,0
2709,11,37
2710,11,0
2711,10,16
2712,7,25
2713,6,27
2714,6,0
2715,5,0
2716,13,0
2717,4,0
2718,5,0
2719,9,0
2720,19,0
2721,8,0
2722,9,21
2723,7,19
2724,8,24
2725,7,0
2726,10,25
2727,7,0
2728,13,0
2729,11,0
2730,20,32
2731,6,16
2732,11,0
2733,20,12
2734,11,0
2735,2,0
2736,9,0
2737,6,0
2738,9,0
2739,7,23
2740,13,0
2741,8,37
2742,7,0
2743,6,0
2744,12,0
2745,10,0
2746,16,0
2747,8,41
2748,4,0
2749,21,0
2750,12,0
2751,5,0
2752,5,12
2753,5,24
2754,13,13
2755,5,0
2756,4,34
2757,14,21
2758,12,13
2759,5,0
2760,9,0
2761,8,0
2762,14,0
2763,10,17
2764,17,0
2765,10,0
2766,9,0
2767,15,0
2768,10,0
2769,5,0
2770,22,0
2771,12,0
2772,9,0
2773,5,0
2774,5,23
2775,11,22
2776,3,0
2777,16,0
2778,11,28
2779,4,34
2780,10,0
2781,16,0
2782,5,0
2783,8,35
2784,1,0
2785,7,11
2786,10,29
2787,10,21
2788,6,20
2789,8,18
2790,15,20
2791,10,20
2792,9,0
2793,13,0
2794,7,0
2795,3,0
2796,5,24
2797,6,0
2798,6,26
2799,3,17
2800,7,20
2801,12,0
2802,8,15
2803,5,28
2804,16,22
2805,2,0
2806,8,0
2807,4,16
2808,6,0
2809,11,0
2810,3,0
2811,9,25
2812,14,20
2813,14,52
2814,13,25
2815,8,20
2816,9,0
2817,5,0
2818,5,0
2819,12,28
2820,14,0
2821,6,0
2822,3,13
2823,10,30
2824,11,27
2825,6,28
2826,8,0
2827,6,0
2828,15,30
2829,9,0
2830,5,0
2831,8,43
2832,20,0
2833,12,35
2834,8,0
2835,9,0
2836,9,0
2837,5,0
2838,8,0
2839,10,0
2840,3,31
2841,5,11
2842,12,17
2843,8,21
2844,7,0
2845,4,32
2846,7,0
2847,20,32
2848,8,0
2849,4,26
2850,9,0
2851,4,0
2852,9,22
2853,7,14
2854,15,28
2855,11,0
2856,9,0
2857,7,0
2858,5,16
2859,6,31
2860,11,36
2861,13,38
2862,6,28
2863,5,0
2864,5,0
2865,20,0
2866,16,32
2867,7,0
2868,6,0
2869,6,24
2870,11,22
2871,5,21
2872,14,21
2873,9,19
2874,10,0
2875,12,25
2876,8,32
2877,5,0
2878,8,0
2879,7,0
2880,7,0
2881,5,32
2882,8,0
2883,4,13
2884,1,0
2885,16,0
2886,5,0
2887,7,0
2888,10,21
2889,10,0
2890,2,0
2891,12,0
2892,11,0
2893,9,26
2894,7,0
2895,10,0
2896,2,15
2897,8,0
2898,7,16
2899,13,25
2900,12,19
2901,11,0
2902,6,0
2903,10,0
2904,10,25
2905,12,0
2906,6,14
2907,8,0
2908,16,0
2909,12,19
2910,2,19
2911,5,0
2912,7,24
2913,9,0
2914,7,0
2915,2,0
2916,14,0
2917,7,0
2918,14,31
2919,10,0
2920,4,0
2921,12,0
2922,12,21
2923,3,26
2924,7,20
2925,18,17
2926,9,23
2927,6,0
2928,6,0
2929,8,0
2930,9,0
2931,8,26
2932,9,0
2933,11,21
2934,5,28
2935,4,0
2936,6,0
2937,11,0
2938,5,20
2939,7,0
2940,11,0
2941,5,0
2942,5,0
2943,10,0
2944,8,0
2945,6,33
2946,7,0
2947,12,0
2948,16,0
2949,13,0
2950,1,22
2951,2,0
2952,4,30
2953,12,0
2954,14,34
2955,13,0
2956,9,32
2957,7,28
2958,5,0
2959,5,28
2960,5,25
2961,10,0
2962,8,0
2963,4,40
2964,7,15
2965,11,25
2966,6,0
2967,10,21
2968,17,0
2969,7,28
2970,11,0
2971,5,29
2972,7,0
2973,3,0
2974,7,0
2975,16,0
2976,3,20
2977,7,0
2978,18,19
2979,5,0
2980,11,0
2981,8,0
2982,7,15
2983,25,0
2984,8,0
2985,5,0
2986,20,0
2987,9,0
2988,6,27
2989,16,0
2990,7,20
2991,2,18
2992,7,0
2993,9,0
2994,11,0
2995,5,29
2996,14,30
2997,5,16
2998,8,0
2999,7,0
3000,12,18
3001,6,0
3002,7,0
3003,5,22
3004,3,0
3005,8,14
3006,5,0
3007,8,0
3008,4,0
3009,9,0
3010,3,0
3011,5,14
3012,8,26
3013,4,0
3014,7,0
3015,6,0
3016,13,0
3017,9,0
3018,5,24
3019,5,0
3020,7,0
3021,5,0
3022,4,0
3023,12,22
3024,5,24
3025,3,31
3026,7,27
3027,19,19
3028,8,0
3029,18,0
3030,5,0
3031,3,27
3032,3,0
3033,14,0
3034,11,26
3035,9,0
3036,7,28
3037,7,0
3038,22,0
3039,5,0
3040,3,0
3041,9,0
3042,3,0
3043,4,25
3044,3,0
3045,11,24
3046,5,0
3047,6,0
3048,9,0
3049,11,30
3050,8,21
3051,5,0
3052,14,0
3053,6,0
3054,5,17
3055,9,15
3056,10,0
3057,2,0
3058,6,0
3059,6,0
3060,3,0
3061,7,18
3062,4,0
3063,8,0
3064,15,0
3065,8,25
3066,6,19
3067,6,0
3068,8,0
3069,12,0
3070,10,0
3071,8,0
3072,5,0
3073,7,0
3074,9,0
3075,12,0
3076,8,21
3077,6,0
3078,4,12
3079,4,19
3080,15,0
3081,11,0
3082,5,0
3083,5,15
3084,4,13
3085,6,0
3086,15,0
3087,10,0
3088,5,0
3089,12,0
3090,7,0
3091,4,26
3092,6,0
3093,21,20
3094,17,0
3095,11,0
3096,11,29
3097,8,18
3098,12,0
3099,6,0
3100,7,0
3101,10,0
3102,6,0
3103,6,14
3104,4,29
3105,7,19
3106,8,11
3107,15,32
3108,13,0
3109,4,0
3110,6,0
3111,6,0
3112,6,0
3113,17,0
3114,5,20
3115,14,0
3116,8,27
3117,6,25
3118,7,14
3119,12,0
3120,6,0
3121,4,0
3122,10,13
3123,6,0
3124,5,0
3125,10,32
3126,6,0
3127,14,0
3128,14,21
3129,7,16
3130,14,21
3131,10,0
3132,21,0
3133,11,28
3134,6,0
3135,4,0
3136,11,0
3137,8,0
3138,23,20
3139,5,0
3140,4,0
3141,3,0
3142,10,21
3143,9,0
3144,6,0
3145,8,0
3146,10,0
3147,11,31
3148,19,18
3149,3,17
3150,4,36
3151,13,0
3152,4,0
3153,8,28
3154,7,0
3155,3,0
3156,14,0
3157,13,21
3158,11,27
3159,10,0
3160,10,25
3161,12,0
3162,14,27
3163,9,21
3164,19,23
3165,3,0
3166,5,0
3167,14,0
3168,16,0
3169,9,0
3170,7,0
3171,3,0
3172,4,0
3173,5,0
3174,8,30
3175,16,26
3176,2,25
3177,5,0
3178,4,0
3179,6,0
3180,4,23
3181,15,19
3182,9,0
3183,9,24
3184,6,0
3185,6,0
3186,10,0
3187,7,0
3188,11,0
3189,12,20
3190,3,0
3191,13,0
3192,4,0
3193,14,17
3194,16,0
3195,7,0
3196,17,0
3197,7,42
3198,20,0
3199,9,31
3200,5,16
3201,12,27
3202,7,20
3203,8,0
3204,6,0
3205,10,27
3206,4,0
3207,9,0
3208,7,0
3209,7,0
3210,11,22
3211,5,0
3212,11,0
3213,7,0
3214,5,0
3215,12,32
3216,5,0
3217,10,0
3218,13,0
3219,13,0
3220,8,0
3221,7,22
3222,16,0
3223,14,0
3224,3,0
3225,5,0
3226,5,24
3227,6,0
3228,7,0
3229,4,29
3230,2,17
3231,15,0
3232,7,0
3233,13,0
3234,8,0
3235,8,0
3236,3,0
3237,4,0
3238,5,0
3239,2,32
3240,6,0
3241,14,18
3242,6,26
3243,7,0
3244,14,0
3245,17,0
3246,5,0
3247,7,0
3248,1,0
3249,8,25
3250,12,0
3251,4,26
3252,10,0
3253,10,28
3254,0,19
3255,4,0
3256,10,21
3257,11,0
3258,2,0
3259,10,0
3260,7,29
3261,15,23
3262,4,0
3263,7,0
3264,1,0
3265,10,22
3266,17,25
3267,5,0
3268,5,0
3269,12,0
3270,5,0
3271,17,0
3272,8,0
3273,3,19
3274,7,0
3275,10,17
3276,8,31
3277,15,18
3278,10,17
3279,8,25
3280,9,0
3281,8,0
3282,11,20
3283,7,20
3284,11,0
3285,14,0
3286,4,0
3287,11,0
3288,3,0
3289,10,21
3290,6,0
3291,9,0
3292,8,24
3293,4,20
3294,10,13
3295,7,0
3296,9,31
3297,10,0
3298,6,16
3299,5,28
3300,9,0
3301,5,26
3302,17,0
3303,12,0
3304,5,0
3305,12,0
3306,8,0
3307,4,0
3308,6,0
3309,8,0
3310,7,0
3311,6,27
3312,3,0
3313,3,28
3314,7,0
3315,15,0
3316,5,19
3317,6,0
3318,7,0
3319,9,34
3320,14,0
3321,11,13
3322,5,0
3323,7,0
3324,6,0
3325,13,28
3326,3,0
3327,5,0
3328,6,0
3329,12,0
3330,4,0
3331,10,0
3332,15,24
3333,7,0
3334,7,19
3335,7,0
3336,6,0
3337,11,24
3338,12,0
3339,12,25
3340,18,21
3341,8,0
3342,7,0
3343,4,0
3344,9,17
3345,5,0
3346,3,0
3347,7,0
3348,5,19
3349,9,0
3350,10,0
3351,6,0
3352,9,0
3353,11,29
3354,8,20
3355,14,28
3356,8,13
3357,11,0
3358,5,27
3359,3,0
3360,9,0
3361,8,0
3362,11,11
3363,6,0
3364,3,0
3365,7,0
3366,15,0
3367,9,0
3368,21,21
3369,3,10
3370,19,0
3371,12,0
3372,10,0
3373,5,0
3374,6,34
3375,7,0
3376,6,0
3377,17,0
3378,11,0
3379,4,21
3380,5,16
3381,2,0
3382,5,29
3383,9,24
3384,11,0
3385,2,18
3386,4,21
3387,8,0
3388,8,16
3389,4,0
3390,21,0
3391,16,0
3392,9,31
3393,17,26
3394,8,13
3395,17,16
3396,6,0
3397,4,0
3398,4,0
3399,12,0
3400,10,0
3401,7,0
3402,7,0
3403,4,0
3404,12,20
3405,5,15
3406,9,0
3407,4,0
3408,15,21
3409,16,18
3410,6,0
3411,5,0
3412,9,27
3413,6,0
3414,17,0
3415,12,15
3416,8,0
3417,9,20
3418,10,0
3419,10,26
3420,14,26
3421,5,0
3422,4,16
3423,7,27
3424,9,0
3425,9,0
3426,11,0
3427,6,11
3428,3,0
3429,6,18
3430,4,24
3431,12,0
3432,18,20
3433,14,0
3434,4,0
3435,8,0
3436,11,0
3437,6,18
3438,5,0
3439,19,0
3440,8,18
3441,6,0
3442,8,0
3443,7,0
3444,12,0
3445,5,13
3446,10,0
3447,3,0
3448,11,26
3449,7,24
3450,11,0
3451,5,0
3452,5,0
3453,5,0
3454,13,28
3455,9,0
3456,11,0
3457,8,0
3458,12,0
3459,10,12
3460,9,0
3461,8,0
3462,6,0
3463,13,0
3464,18,21
3465,9,0
3466,7,37
3467,21,0
3468,5,16
3469,11,27
3470,16,0
3471,6,0
3472,5,26
3473,6,26
3474,5,35
3475,14,17
3476,8,0
3477,7,0
3478,7,19
3479,7,0
3480,9,0
3481,6,0
3482,7,24
3483,4,0
3484,20,0
3485,9,0
3486,7,0
3487,10,0
3488,10,0
3489,18,22
3490,4,0
3491,3,0
3492,2,0
3493,5,0
3494,5,0
3495,15,18
3496,12,0
3497,8,14
3498,10,16
3499,3,15
3500,6,0
3501,7,22
3502,11,0
3503,10,0
3504,13,21
3505,3,0
3506,4,0
3507,7,17
3508,8,22
3509,12,0
3510,7,27
3511,5,10
3512,9,0
3513,12,0
3514,5,0
3515,11,0
3516,8,0
3517,9,0
3518,13,0
3519,3,0
3520,6,0
3521,10,0
3522,11,0
3523,4,0
3524,10,0
3525,11,0
3526,3,0
3527,7,0
3528,8,0
3529,16,25
3530,1,18
3531,9,29
3532,7,28
3533,15,17
3534,7,0
3535,9,0
3536,9,18
3537,6,0
3538,10,22
3539,17,0
3540,5,16
3541,15,23
3542,5,0
3543,6,0
3544,6,36
3545,8,0
3546,7,0
3547,10,0
3548,5,0
3549,9,30
3550,10,0
3551,3,0
3552,4,17
3553,4,21
3554,4,19
3555,8,0
3556,8,15
3557,3,29
3558,10,0
3559,2,28
3560,14,20
3561,5,15
3562,7,0
3563,6,0
3564,11,0
3565,6,16
3566,3,23
3567,10,0
3568,7,17
3569,22,0
3570,9,0
3571,4,0
3572,10,0
3573,12,41
3574,8,25
3575,18,33
3576,6,17
3577,15,0
3578,7,19
3579,8,22
3580,7,17
3581,5,29
3582,6,0
3583,9,15
3584,7,0
3585,9,26
3586,6,19
3587,6,0
3588,24,28
3589,6,0
3590,11,0
3591,9,34
3592,9,0
3593,12,19
3594,13,0
3595,5,24
3596,6,28
3597,6,0
3598,8,0
3599,6,0
3600,5,0
3601,7,0
3602,6,0
3603,4,0
3604,3,0
3605,14,0
3606,7,30
3607,7,24
3608,3,29
3609,6,0
3610,5,0
3611,13,0
3612,4,0
3613,6,0
3614,5,0
3615,5,0
3616,3,19
3617,3,27
3618,9,19
3619,9,25
3620,5,25
3621,8,0
3622,3,0
3623,13,33
3624,13,15
3625,15,21
3626,8,19
3627,6,0
3628,5,15
3629,11,0
3630,3,0
3631,12,22
3632,4,31
3633,5,0
3634,11,0
3635,6,15
3636,3,19
3637,7,0
3638,2,0
3639,7,29
3640,13,20
3641,5,0
3642,10,29
3643,13,0
3644,6,15
3645,4,0
3646,4,0
3647,15,33
3648,8,16
3649,10,22
3650,8,0
3651,10,0
3652,2,21
3653,4,0
3654,6,0
3655,5,0
3656,4,24
3657,15,0
3658,6,0
3659,9,0
3660,4,0
3661,14,0
3662,17,25
3663,11,0
3664,11,16
3665,8,0
3666,4,15
3667,8,0
3668,6,0
3669,5,20
3670,3,11
3671,9,26
3672,18,0
3673,14,0
3674,4,0
3675,10,23
3676,8,0
3677,12,0
3678,12,0
3679,6,0
3680,11,0
3681,7,0
3682,16,0
3683,5,21
3684,7,36
3685,7,25
3686,9,0
3687,10,0
3688,16,0
3689,11,0
3690,7,0
3691,7,0
3692,5,0
3693,5,0
3694,5,0
3695,17,27
3696,9,0
3697,8,27
3698,5,0
3699,10,0
3700,4,26
3701,9,17
3702,13,32
3703,10,0
3704,15,22
3705,13,0
3706,7,0
3707,10,0
3708,15,18
3709,5,0
3710,4,31
3711,6,25
3712,6,25
3713,6,19
3714,5,30
3715,13,31
3716,11,0
3717,8,18
3718,13,0
3719,6,28
3720,2,0
3721,10,0
3722,18,0
3723,11,20
3724,8,0
3725,6,20
3726,14,22
3727,3,17
3728,2,0
3729,5,28
3730,9,24
3731,5,17
3732,11,0
3733,9,30
3734,6,0
3735,8,0
3736,9,23
3737,4,18
3738,6,0
3739,2,0
3740,4,0
3741,6,24
3742,3,17
3743,4,19
3744,4,9
3745,7,20
3746,6,0
3747,12,0
3748,3,0
3749,15,11
3750,17,27
3751,9,0
3752,6,0
3753,7,22
3754,4,25
3755,8,0
3756,8,16
3757,5,0
3758,9,0
3759,9,14
3760,11,37
3761,5,35
3762,7,23
3763,12,0
3764,6,0
3765,4,20
3766,17,16
3767,3,27
3768,11,0
3769,3,0
3770,5,0
3771,11,0
3772,4,0
3773,11,0
3774,16,38
3775,4,0
3776,4,22
3777,3,0
3778,7,32
3779,2,28
3780,8,0
3781,15,0
3782,5,33
3783,9,0
3784,10,0
3785,5,0
3786,10,0
3787,5,37
3788,10,0
3789,7,0
3790,11,16
3791,10,29
3792,8,0
3793,18,18
3794,14,0
3795,9,26
3796,3,0
3797,13,0
3798,6,0
3799,5,17
3800,10,23
3801,5,0
3802,11,0
3803,6,0
3804,11,0
3805,1,0
3806,7,0
3807,12,0
3808,10,0
3809,9,0
3810,14,0
3811,12,22
3812,10,0
3813,5,0
3814,5,0
3815,8,14
3816,9,0
3817,6,0
3818,11,0
3819,6,0
3820,19,0
3821,5,0
3822,17,0
3823,4,15
3824,5,0
3825,12,0
3826,10,0
3827,13,17
3828,7,0
3829,8,0
3830,5,22
3831,3,0
3832,6,0
3833,15,0
3834,6,0
3835,8,0
3836,15,0
3837,2,0
3838,5,0
3839,4,0
3840,5,21
3841,2,0
3842,5,0
3843,4,0
3844,6,25
3845,12,0
3846,12,25
3847,5,22
3848,7,21
3849,6,0
3850,20,0
3851,23,19
3852,27,21
3853,4,0
3854,5,36
3855,2,36
3856,10,0
3857,8,34
3858,10,23
3859,15,0
3860,13,0
3861,10,19
3862,10,38
3863,1,24
3864,3,20
3865,9,23
3866,3,22
3867,12,28
3868,3,27
3869,14,0
3870,9,25
3871,8,0
3872,8,13
3873,8,0
3874,13,17
3875,5,27
3876,4,26
3877,12,24
3878,4,31
3879,11,28
3880,8,19
3881,8,19
3882,10,0
3883,9,0
3884,10,0
3885,9,24
3886,5,0
3887,11,18
3888,10,0
3889,9,0
3890,3,0
3891,13,0
3892,9,20
3893,9,0
3894,13,0
3895,10,16
3896,4,0
3897,10,27
3898,14,0
3899,4,0
3900,12,30
3901,13,15
3902,19,0
3903,12,0
3904,10,0
3905,9,0
3906,2,12
3907,6,0
3908,5,23
3909,12,0
3910,18,15
3911,7,0
3912,9,13
3913,6,0
3914,12,0
3915,6,0
3916,7,28
3917,2,0
3918,5,20
3919,8,0
3920,5,23
3921,6,0
3922,2,39
3923,17,0
3924,4,0
3925,4,0
3926,12,40
3927,9,0
3928,8,18
3929,9,0
3930,11,0
3931,7,0
3932,5,0
3933,11,15
3934,6,0
3935,14,18
3936,8,0
3937,8,23
3938,5,23
3939,6,23
3940,7,0
3941,7,0
3942,9,0
3943,10,0
3944,8,0
3945,9,26
3946,2,16
3947,0,24
3948,11,0
3949,6,0
3950,16,0
3951,7,0
3952,13,17
3953,8,0
3954,18,0
3955,5,33
3956,6,22
3957,5,0
3958,8,24
3959,18,0
3960,9,6
3961,11,0
3962,20,0
3963,15,0
3964,5,0
3965,10,0
3966,7,16
3967,15,0
3968,5,0
3969,10,25
3970,4,0
3971,13,0
3972,4,0
3973,6,0
3974,12,0
3975,9,0
3976,10,0
3977,10,0
3978,8,23
3979,12,0
3980,6,0
3981,5,0
3982,9,0
3983,7,0
3984,2,29
3985,3,0
3986,4,0
3987,12,28
3988,5,22
3989,8,24
3990,7,0
3991,8,0
3992,4,30
3993,13,25
3994,9,0
3995,6,0
3996,5,30
3997,7,26
3998,15,0
3999,13,0
4000,19,22
4001,17,24
4002,4,0
4003,10,0
4004,10,0
4005,13,0
4006,13,0
4007,15,0
4008,7,0
4009,9,16
4010,8,0
4011,2,0
4012,7,0
4013,8,0
4014,14,0
4015,17,17
4016,2,0
4017,5,0
4018,3,18
4019,5,36
4020,12,0
4021,13,0
4022,6,11
4023,7,0
4024,8,0
4025,5,0
4026,24,34
4027,8,30
4028,12,0
4029,8,17
4030,14,14
4031,5,33
4032,7,0
4033,10,0
4034,8,32
4035,3,0
4036,10,0
4037,2,0
4038,3,0
4039,13,0
4040,2,0
4041,18,25
4042,6,0
4043,13,0
4044,15,0
4045,10,0
4046,9,24
4047,11,0
4048,8,18
4049,9,0
4050,12,22
4051,4,21
4052,3,0
4053,4,0
4054,10,24
4055,12,25
4056,7,28
4057,12,0
4058,8,0
4059,9,0
4060,10,0
4061,6,15
4062,8,22
4063,17,0
4064,5,0
4065,5,0
4066,6,0
4067,6,17
4068,8,27
4069,8,0
4070,8,0
4071,1,0
4072,10,26
4073,4,31
4074,4,0
4075,8,31
4076,14,0
4077,11,27
4078,8,16
4079,5,0
4080,7,0
4081,8,27
4082,11,0
4083,10,0
4084,7,0
4085,4,15
4086,3,21
4087,15,0
4088,6,0
4089,6,0
4090,28,0
4091,8,28
4092,11,0
4093,11,24
4094,9,27
4095,11,0
4096,8,22
4097,4,0
4098,7,0
4099,11,0
4100,10,22
4101,7,23
4102,5,0
4103,9,0
4104,17,11
4105,11,0
4106,3,0
4107,10,0
4108,8,0
4109,6,0
4110,3,0
4111,6,0
4112,10,25
4113,5,0
4114,14,27
4115,4,0
4116,7,0
4117,11,37
4118,16,0
4119,7,0
4120,6,21
4121,9,0
4122,7,33
4123,5,0
4124,10,0
4125,3,14
4126,11,0
4127,14,0
4128,5,0
4129,12,19
4130,5,0
4131,6,0
4132,2,0
4133,15,17
4134,13,24
4135,6,14
4136,10,0
4137,10,0
4138,8,20
4139,13,0
4140,10,0
4141,18,18
4142,9,0
4143,4,0
4144,20,0
4145,3,26
4146,9,12
4147,6,30
4148,2,0
4149,1,0
4150,5,0
4151,4,20
4152,4,0
4153,10,17
4154,9,15
4155,8,21
4156,2,30
4157,14,23
4158,9,21
4159,6,18
4160,10,0
4161,9,0
4162,8,0
4163,19,0
4164,9,0
4165,14,0
4166,6,0
4167,6,0
4168,12,0
4169,5,0
4170,5,14
4171,6,0
4172,8,24
4173,12,21
4174,11,26
4175,20,0
4176,4,0
4177,8,23
4178,5,23
4179,3,19
4180,7,0
4181,14,0
4182,9,0
4183,9,0
4184,8,18
4185,4,0
4186,3,27
4187,9,0
4188,6,0
4189,13,33
4190,10,36
4191,7,0
4192,6,0
4193,15,0
4194,4,30
4195,9,0
4196,18,0
4197,10,0
4198,7,25
4199,8,0
4200,14,0
4201,6,29
4202,11,0
4203,7,0
4204,9,0
4205,7,20
4206,7,0
4207,5,26
4208,7,21
4209,6,22
4210,12,35
4211,9,29
4212,8,0
4213,7,17
4214,4,14
4215,9,16
4216,6,0
4217,8,13
4218,5,17
4219,10,0
4220,12,0
4221,10,0
4222,4,0
4223,15,0
4224,5,0
4225,13,0
4226,12,0
4227,4,0
4228,19,23
4229,10,0
4230,14,0
4231,9,0
4232,10,0
4233,4,22
4234,7,0
4235,4,0
4236,4,20
4237,2,18
4238,2,0
4239,21,16
4240,5,0
4241,3,0
4242,10,0
4243,10,33
4244,8,0
4245,6,0
4246,12,0
4247,9,0
4248,10,0
4249,12,0
4250,11,9
4251,6,0
4252,13,51
4253,4,10
4254,15,0
4255,15,0
4256,14,20
4257,4,0
4258,7,0
4259,6,0
4260,8,25
4261,11,0
4262,14,0
4263,4,0
4264,4,0
4265,9,22
4266,8,25
4267,4,0
4268,7,0
4269,5,0
4270,5,0
4271,12,35
4272,4,0
4273,7,0
4274,9,0
4275,11,0
4276,3,21
4277,6,0
4278,3,18
4279,5,21
4280,7,0
4281,9,0
4282,7,32
4283,11,0
4284,9,20
4285,10,0
4286,20,38
4287,8,0
4288,7,0
4289,7,39
4290,5,28
4291,7,0
4292,4,0
4293,10,0
4294,16,0
4295,9,0
4296,5,15
4297,6,0
4298,11,26
4299,15,0
4300,9,15
4301,12,25
4302,7,21
4303,3,26
4304,3,27
4305,8,0
4306,3,0
4307,9,24
4308,18,34
4309,9,0
4310,3,12
4311,9,0
4312,9,22
4313,17,26
4314,18,30
4315,12,0
4316,17,0
4317,13,26
4318,3,0
4319,5,25
4320,5,0
4321,6,0
4322,12,30
4323,2,26
4324,11,0
4325,14,16
4326,9,0
4327,12,0
4328,5,0
4329,14,0
4330,11,0
4331,8,30
4332,8,23
4333,6,0
4334,2,18
4335,2,13
4336,10,0
4337,2,19
4338,9,0
4339,16,0
4340,9,26
4341,3,23
4342,7,0
4343,13,0
4344,9,0
4345,10,41
4346,7,33
4347,14,30
4348,13,0
4349,11,39
4350,5,0
4351,4,26
4352,7,30
4353,8,0
4354,4,0
4355,5,23
4356,1,0
4357,8,0
4358,4,0
4359,14,0
4360,7,36
4361,6,0
4362,13,0
4363,16,0
4364,4,0
4365,9,0
4366,15,21
4367,9,28
4368,8,0
4369,5,28
4370,10,0
4371,15,27
4372,9,21
4373,11,29
4374,14,25
4375,10,19
4376,12,16
4377,7,0
4378,4,14
4379,4,19
4380,25,0
4381,9,25
4382,20,0
4383,11,36
4384,8,0
4385,6,0
4386,10,0
4387,11,0
4388,3,0
4389,4,0
4390,11,39
4391,3,0
4392,8,0
4393,13,0
4394,6,0
4395,6,0
4396,8,0
4397,7,22
4398,6,0
4399,8,35
4400,8,0
4401,7,39
4402,15,26
4403,9,29
4404,6,0
4405,17,0
4406,7,25
4407,10,0
4408,5,0
4409,9,15
4410,9,26
4411,5,0
4412,4,16
4413,3,0
4414,10,22
4415,11,0
4416,7,0
4417,17,0
4418,5,0
4419,12,29
4420,4,21
4421,8,23
4422,11,0
4423,25,0
4424,5,0
4425,7,31
4426,8,0
4427,5,0
4428,10,0
4429,4,21
4430,7,19
4431,16,29
4432,11,13
4433,7,47
4434,9,18
4435,6,22
4436,11,0
4437,11,0
4438,5,13
4439,6,0
4440,6,0
4441,11,0
4442,9,26
4443,11,26
4444,9,0
4445,7,20
4446,3,22
4447,10,13
4448,8,0
4449,15,0
4450,7,0
4451,11,0
4452,8,14
4453,7,0
4454,9,0
4455,6,24
4456,12,0
4457,5,27
4458,10,22
4459,15,0
4460,5,0
4461,5,0
4462,10,34
4463,6,0
4464,13,0
4465,12,20
4466,2,16
4467,8,0
4468,7,0
4469,7,20
4470,4,0
4471,4,0
4472,14,0
4473,10,14
4474,7,21
4475,6,0
4476,6,17
4477,7,0
4478,9,24
4479,10,0
4480,7,11
4481,7,0
4482,9,0
4483,12,0
4484,3,26
4485,6,0
4486,5,0
4487,11,0
4488,12,0
4489,6,21
4490,3,19
4491,5,12
4492,10,28
4493,9,0
4494,6,0
4495,12,28
4496,4,0
4497,1,16
4498,9,0
4499,12,16
4500,3,0
4501,14,16
4502,2,24
4503,13,0
4504,13,24
4505,5,21
4506,11,21
4507,5,21
4508,5,0
4509,7,0
4510,7,21
4511,13,0
4512,7,20
4513,4,0
4514,5,0
4515,4,0
4516,7,0
4517,8,19
4518,3,0
4519,9,20
4520,14,0
4521,14,0
4522,6,19
4523,5,14
4524,12,0
4525,4,14
4526,10,0
4527,8,0
4528,8,29
4529,10,0
4530,10,0
4531,12,22
4532,6,0
4533,7,33
4534,10,20
4535,11,0
4536,18,0
4537,5,0
4538,10,16
4539,2,22
4540,3,0
4541,4,0
4542,5,0
4543,9,0
4544,5,0
4545,8,0
4546,10,0
4547,10,0
4548,6,20
4549,11,32
4550,8,0
4551,11,0
4552,4,0
4553,7,30
4554,5,24
4555,7,23
4556,4,20
4557,8,0
4558,4,0
4559,9,25
4560,2,0
4561,13,0
4562,7,0
4563,14,0
4564,7,0
4565,8,26
4566,16,0
4567,10,0
4568,9,0
4569,12,0
4570,17,22
4571,4,27
4572,9,0
4573,15,25
4574,5,0
4575,11,9
4576,8,0
4577,2,0
4578,4,0
4579,13,21
4580,12,0
4581,23,20
4582,7,26
4583,9,0
4584,6,0
4585,6,21
4586,13,0
4587,6,0
4588,3,0
4589,9,0
4590,7,26
4591,9,0
4592,5,18
4593,11,23
4594,13,14
4595,13,0
4596,6,32
4597,10,0
4598,6,0
4599,6,27
4600,5,0
4601,12,22
4602,2,26
4603,8,28
4604,5,0
4605,8,0
4606,6,20
4607,9,34
4608,5,12
4609,9,32
4610,10,20
4611,7,0
4612,2,0
4613,2,0
4614,8,0
4615,14,25
4616,4,0
4617,17,13
4618,1,21
4619,9,0
4620,14,24
4621,9,0
4622,9,0
4623,16,10
4624,8,0
4625,4,0
4626,3,0
4627,12,0
4628,6,0
4629,7,23
4630,13,17
4631,7,0
4632,6,0
4633,14,32
4634,5,10
4635,11,0
4636,7,0
4637,4,26
4638,11,0
4639,7,11
4640,18,0
4641,10,0
4642,11,0
4643,8,20
4644,13,0
4645,10,0
4646,7,0
4647,5,0
4648,17,0
4649,10,21
4650,12,0
4651,5,0
4652,3,0
4653,14,16
4654,9,0
4655,8,8
4656,9,29
4657,4,0
4658,5,17
4659,12,0
4660,12,0
4661,9,0
4662,8,0
4663,7,0
4664,7,0
4665,4,15
4666,5,29
4667,7,0
4668,8,0
4669,13,0
4670,6,0
4671,6,0
4672,10,21
4673,6,17
4674,22,0
4675,3,0
4676,12,0
4677,9,0
4678,10,0
4679,2,0
4680,3,0
4681,10,22
4682,6,19
4683,10,11
4684,12,26
4685,8,0
4686,19,16
4687,7,0
4688,8,0
4689,9,0
4690,14,27
4691,6,0
4692,9,29
4693,11,0
4694,12,0
4695,12,26
4696,10,0
4697,4,0
4698,7,26
4699,14,16
4700,5,0
4701,9,17
4702,9,21
4703,10,12
4704,6,0
4705,9,0
4706,9,23
4707,5,0
4708,8,22
4709,13,16
4710,13,0
4711,6,0
4712,10,0
4713,15,15
4714,12,34
4715,7,19
4716,6,0
4717,3,20
4718,5,0
4719,11,0
4720,12,16
4721,17,0
4722,14,0
4723,6,0
4724,5,0
4725,14,33
4726,9,0
4727,7,20
4728,3,0
4729,8,0
4730,12,13
4731,6,19
4732,3,0
4733,8,0
4734,6,20
4735,11,15
4736,3,0
4737,8,25
4738,12,21
